source_id,scheme_id,title,url,source_type,publisher,authority,extraction_method,document_date,retrieved_at,http_status,content_hash,chunk_count,fields_extracted,is_complete
S1_hdfc_factsheet,S1,HDFC MF consolidated factsheet June 2026 - HDFC Large Cap Fund,https://files.hdfcfund.com/s3fs-public/2026-07/HDFC%20MF%20Factsheet%20-%20June%202026.pdf,factsheet,HDFC Mutual Fund,official,static,,2026-09-27T08:09:45.010665+00:00,403,,0,0,False
S2_hdfc_factsheet,S2,HDFC MF consolidated factsheet June 2026 - HDFC Equity (Flexi Cap) Fund,https://files.hdfcfund.com/s3fs-public/2026-07/HDFC%20MF%20Factsheet%20-%20June%202026.pdf,factsheet,HDFC Mutual Fund,official,static,,2026-09-27T08:10:27.737151+00:00,403,,0,0,False
S3_hdfc_factsheet,S3,HDFC MF consolidated factsheet June 2026 - HDFC ELSS Tax Saver Fund,https://files.hdfcfund.com/s3fs-public/2026-07/HDFC%20MF%20Factsheet%20-%20June%202026.pdf,factsheet,HDFC Mutual Fund,official,static,,2026-09-27T08:11:10.437598+00:00,403,,0,0,False
S4_hdfc_factsheet,S4,HDFC MF consolidated factsheet June 2026 - HDFC Small Cap Fund,https://files.hdfcfund.com/s3fs-public/2026-07/HDFC%20MF%20Factsheet%20-%20June%202026.pdf,factsheet,HDFC Mutual Fund,official,static,,2026-09-27T08:11:54.184815+00:00,403,,0,0,False
S5_hdfc_factsheet,S5,HDFC MF consolidated factsheet June 2026 - HDFC Balanced Advantage Fund,https://files.hdfcfund.com/s3fs-public/2026-07/HDFC%20MF%20Factsheet%20-%20June%202026.pdf,factsheet,HDFC Mutual Fund,official,static,,2026-09-27T08:12:36.878479+00:00,403,,0,0,False
S1_groww,S1,HDFC Large Cap Fund (Direct Growth) - Groww scheme page,https://groww.in/mutual-funds/hdfc-large-cap-fund-direct-growth,scheme_page,Groww,mirror,mirror,2026-09-25,2026-09-27T08:06:00.214373+00:00,200,037ab82025036427934f3e31a82f5d3fe082d366bb017b5f234b5384a6a7e777,1,8,True
S2_groww,S2,HDFC Equity (Flexi Cap) Fund (Direct Growth) - Groww scheme page,https://groww.in/mutual-funds/hdfc-equity-fund-direct-growth,scheme_page,Groww,mirror,mirror,2026-09-25,2026-09-27T08:06:43.437536+00:00,200,2d06e34dcd17514b4d9eba9003a2545d988b136ef72d8a2d93729b8a862bbb47,1,8,True
S3_groww,S3,HDFC ELSS Tax Saver Fund (Direct Plan Growth) - Groww scheme page,https://groww.in/mutual-funds/hdfc-elss-tax-saver-fund-direct-plan-growth,scheme_page,Groww,mirror,mirror,2026-09-25,2026-09-27T08:07:26.451258+00:00,200,88aa12a1887e65f778d94004a914181a60d6b641c4b3c90da11e7fa582896a97,1,9,True
S4_groww,S4,HDFC Small Cap Fund (Direct Growth) - Groww scheme page,https://groww.in/mutual-funds/hdfc-small-cap-fund-direct-growth,scheme_page,Groww,mirror,mirror,2026-09-25,2026-09-27T08:08:09.523470+00:00,200,0bbb3ef6e0bc9ab25efc80a9f08ebcd44980d386cf5b80df0ab5dfcc54e8a888,1,8,True
S5_groww,S5,HDFC Balanced Advantage Fund (Direct Growth) - Groww scheme page,https://groww.in/mutual-funds/hdfc-balanced-advantage-fund-direct-growth,scheme_page,Groww,mirror,mirror,2026-09-25,2026-09-27T08:08:52.820616+00:00,200,46b4bf15ec66a5486bd3d65abd6a020650bf0062d82c109363635840d5c18088,1,8,True
